wrote, labeled, unlabeled, opened, closed, reopened, self, edited
AlexDaniel, 97, 76, 7, 13, 15, 2, , 7
JJ, 47, 36, 2, , , , 20, 2
jonathanstowe, 48, 8, 1, , 4, , 9, 
Leont, 8, , , , , , 2, 8
Scimon, 8, 4, , , , , 3, 1
Kaiepi, 4, 4, , , 1, , 4, 
man, 4, 6, , , , , , 
lukasvalle, 5, 3, 1, , 1, 1, 1, 
lizmat, 7, , , , 1, 1, , 
timo, 3, 4, , , , , , 
dwarring, 6, , , , , , 1, 1
atweiden, 3, 3, , , , , , 1
shlomif, 2, 2, , , , , 2, 
CurtTilmes, 3, 1, , , , , 1, 1
ufobat, 3, , , , , , , 
vendethiel, 3, , , , , , , 1
masak, 3, 1, , , , , 1, 
titsuki, 2, , , , , , , 
PowellDean, 2, , , , , , , 
jnthn, 2, 1, , , , , , 
nkh, 2, , , , , , , 
Xliff, , 2, 1, , , , 1, 
g, 2, , , , , , 1, 
holzer, 1, , , , , , , 
erickjordan, 1, 1, , , , , , 1
MasterDuke17, 1, , , , , , , 
viklund, 1, , , , , , , 
thundergnat, 1, , , , , , , 
niner, 1, , , , , , , 
FCO, 1, 1, , , 1, , , 
bduggan, 1, , , , , , , 
Skarsnik, 1, , , , , , , 
bbkr, 1, , , , , , , 
dogbert17, 1, , , , , , , 
ryn1x, 1, , , , , , , 
colomon, 1, , , , , , , 
cygx, 1, , , , , , , 
